license_no,first_name,last_name
kl/100001,John,Smith
kl/100002,Alice,Johnson
kl/100003,Michael,Brown
kl/100004,Emily,Wilson
kl/100005,David,Lee
kl/100006,Sophia,Taylor
kl/100007,Daniel,Clark
kl/100008,Olivia,Anderson
kl/100009,James,Thomas
kl/100010,Emma,Harris
kl/100011,Samantha,Miller
kl/100012,William,Jones
kl/100013,Grace,Martinez
kl/100014,Andrew,Davis
kl/100015,Isabella,Garcia
kl/100016,Nathan,Martinez
kl/100017,Abigail,Johnson
kl/100018,Christopher,Jones
kl/100019,Charlotte,Smith
kl/100020,Joshua,Davis
kl/100021,Elizabeth,Taylor
kl/100022,Matthew,Anderson
kl/100023,Ella,Clark
kl/100024,Daniel,Brown
kl/100025,Avery,Williams
kl/100026,Nicholas,White
kl/100027,Lily,Hall
kl/100028,Benjamin,King
kl/100029,Chloe,Young
kl/100030,Joseph,Lewis
kl/100031,Sophie,Moore
kl/100032,Samuel,Hall
kl/100033,Mia,Jackson
kl/100034,David,Wilson
kl/100035,Evelyn,Allen
kl/100036,James,Green
kl/100037,Harper,Parker
kl/100038,Christopher,Turner
kl/100039,Scarlett,Scott
kl/100040,Dylan,Adams
kl/100041,Madison,Campbell
kl/100042,Michael,Hill
kl/100043,Avery,Phillips
kl/100044,Grace,Wright
kl/100045,Elijah,Cook
kl/100046,Layla,Bennett
kl/100047,Nicholas,Rivera
kl/100048,Nora,Foster
kl/100049,Daniel,Ross
kl/100050,Emma,Hughes
kl/100051,Matthew,Walker
kl/100052,Sofia,Butler
kl/100053,William,Morris
kl/100054,Ava,Gray
kl/100055,Liam,Murphy
kl/100056,Abigail,Brooks
kl/100057,Oliver,Long
kl/100058,Ella,Perry
kl/100059,Benjamin,Reed
kl/100060,Hannah,Wood
